--Refused to work unless I did this, would love to know why
GRANT UNLIMITED TABLESPACE TO CLAIMDB;


--Setup staff table
INSERT INTO STAFF (STAFF_ID, STAFF_NAME, STAFF_ROLE) 
VALUES (0, 'John Doe', 'Driver');

INSERT INTO STAFF (STAFF_ID, STAFF_NAME, STAFF_ROLE) 
VALUES (1, 'Mick Michaels', 'Driver');

INSERT INTO STAFF (STAFF_ID, STAFF_NAME, STAFF_ROLE) 
VALUES (2, 'Jane Smith', 'Inspector'); 


--Setup payment table
INSERT INTO PAYMENT (PAYMENT_ID, PAYMENT_DATE, PAYMENT_AMOUNT, PAYMENT_REASON, PAYMENT_CHECK_NO) 
VALUES (0, DATE '2020-11-01', 500, 'Claim settlement', 1);

INSERT INTO PAYMENT (PAYMENT_ID, PAYMENT_DATE, PAYMENT_AMOUNT, PAYMENT_REASON, PAYMENT_CHECK_NO) 
VALUES (1, DATE '2020-11-02', 400, 'Claim settlement', 2);

INSERT INTO PAYMENT (PAYMENT_ID, PAYMENT_DATE, PAYMENT_AMOUNT, PAYMENT_REASON, PAYMENT_CHECK_NO) 
VALUES (2, DATE '2020-11-03', 300, 'Claim settlement', 3);


--Setup claimant table
INSERT INTO CLAIMANT (CLAIMANT_ID, CLAIMANT_NAME, CLAIMANT_ADDRESS, CLAIMANT_DATE_OF_BIRTH) 
VALUES (0, 'Margot Whittle', '830 Kooter Lane', DATE '1988-11-01');

INSERT INTO CLAIMANT (CLAIMANT_ID, CLAIMANT_NAME, CLAIMANT_ADDRESS, CLAIMANT_DATE_OF_BIRTH) 
VALUES (1, 'Dione Mohamed', '3089 Carolyns Circle', DATE '1999-11-01');

INSERT INTO CLAIMANT (CLAIMANT_ID, CLAIMANT_NAME, CLAIMANT_ADDRESS, CLAIMANT_DATE_OF_BIRTH) 
VALUES (2, 'Mr Fluffles', '1652 Lauren Drive', DATE '2000-11-01');

INSERT INTO CLAIMANT (CLAIMANT_ID, CLAIMANT_NAME, CLAIMANT_ADDRESS, CLAIMANT_DATE_OF_BIRTH) 
VALUES (3, 'John Williams', '1657 Drive', DATE '2000-12-15');

INSERT INTO CLAIMANT (CLAIMANT_ID, CLAIMANT_NAME, CLAIMANT_ADDRESS, CLAIMANT_DATE_OF_BIRTH) 
VALUES (4, 'James J. Smith', '572 Arbutus Drive', DATE '1996-12-10');

INSERT INTO CLAIMANT (CLAIMANT_ID, CLAIMANT_NAME, CLAIMANT_ADDRESS, CLAIMANT_DATE_OF_BIRTH) 
VALUES (5, 'Michael Martin', '611 Lightning Point Drive', DATE '1990-01-10');


--Setup accident table
INSERT INTO ACCIDENT (ACCIDENT_ID, ACCIDENT_DATE, ACCIDENT_DESCRIPTION, ACCIDENT_LOCATION)
VALUES (0, DATE '2020-11-01', 'Bus stopped suddenly', '19 Fairmount St');

INSERT INTO ACCIDENT (ACCIDENT_ID, ACCIDENT_DATE, ACCIDENT_DESCRIPTION, ACCIDENT_LOCATION)
VALUES (1, DATE '2020-10-25', 'Bus door slammed a pedestrian', '14 6th St');

INSERT INTO ACCIDENT (ACCIDENT_ID, ACCIDENT_DATE, ACCIDENT_DESCRIPTION, ACCIDENT_LOCATION)
VALUES (2, DATE '2020-10-23', 'Bus collided with cat', '518 W Harbor Dr');

INSERT INTO ACCIDENT (ACCIDENT_ID, ACCIDENT_DATE, ACCIDENT_DESCRIPTION, ACCIDENT_LOCATION)
VALUES (3, DATE '2020-11-01', 'Driver pushed patron', '1395 Watson Lane');

INSERT INTO ACCIDENT (ACCIDENT_ID, ACCIDENT_DATE, ACCIDENT_DESCRIPTION, ACCIDENT_LOCATION)
VALUES (4, DATE '2020-10-19', 'Patron broke nose on bus chair', '1395 Watson Lane');

INSERT INTO ACCIDENT (ACCIDENT_ID, ACCIDENT_DATE, ACCIDENT_DESCRIPTION, ACCIDENT_LOCATION)
VALUES (5, DATE '2020-11-02', 'Patron tripped on exiting bus', '1127 Emily Drive');


--Setup expert table
INSERT INTO EXPERT (EXPERT_ID, EXPERT_NAME, EXPERT_ADDRESS, EXPERT_EXPERTISE)
VALUES (0, 'Ibrahim Pugh', '900 Dilworth St #A7', 'Driving');

INSERT INTO EXPERT (EXPERT_ID, EXPERT_NAME, EXPERT_ADDRESS, EXPERT_EXPERTISE)
VALUES (1, 'Millie Morrison', '463 N Colorado St', 'Investigation');

INSERT INTO EXPERT (EXPERT_ID, EXPERT_NAME, EXPERT_ADDRESS, EXPERT_EXPERTISE)
VALUES (2, 'Madeline Cuevas', '140 S Clinton St', 'Cat Negotiator');


--Setup report table
INSERT INTO REPORT (REPORT_ID, REPORT_REQUEST_DATE, REPORT_SUBMIT_DATE, REPORT_CONTENT, EXPERT_ID)
VALUES (0, DATE '2020-11-04', DATE '2020-11-05', 'Driver was bad', 0);

INSERT INTO REPORT (REPORT_ID, REPORT_REQUEST_DATE, REPORT_SUBMIT_DATE, REPORT_CONTENT, EXPERT_ID)
VALUES (1, DATE '2020-11-05', DATE '2020-11-06', 'Door hydraulics were cut by driver', 1);

INSERT INTO REPORT (REPORT_ID, REPORT_REQUEST_DATE, REPORT_SUBMIT_DATE, REPORT_CONTENT, EXPERT_ID)
VALUES (2, DATE '2020-11-06', DATE '2020-11-07', 'Cat was very affectionate', 2);

INSERT INTO REPORT (REPORT_ID, REPORT_REQUEST_DATE, REPORT_SUBMIT_DATE, REPORT_CONTENT, EXPERT_ID)
VALUES (3, DATE '2020-11-01', DATE '2020-11-07', 'Driver did not assault patron', 1);


--Setup claims table
INSERT INTO CLAIM (CLAIM_ID, CLAIM_STATE, CLAIM_NATURE, CLAIM_REPORT_DATE, STAFF_ID, CLAIMANT_ID, ACCIDENT_ID, REPORT_ID, PAYMENT_ID)
VALUES (0, 'S', 'Medical', DATE '2020-11-05', 0, 0, 0, 0, 0);

INSERT INTO CLAIM (CLAIM_ID, CLAIM_STATE, CLAIM_NATURE, CLAIM_REPORT_DATE, STAFF_ID, CLAIMANT_ID, ACCIDENT_ID, REPORT_ID, PAYMENT_ID)
VALUES (1, 'S', 'Medical', DATE '2020-11-06', 1, 1, 1, 1, 1);

INSERT INTO CLAIM (CLAIM_ID, CLAIM_STATE, CLAIM_NATURE, CLAIM_REPORT_DATE, STAFF_ID, CLAIMANT_ID, ACCIDENT_ID, REPORT_ID, PAYMENT_ID)
VALUES (2, 'S', 'Feline Relations', DATE '2020-11-07', 2, 2, 2, 2, 2);

INSERT INTO CLAIM (CLAIM_ID, CLAIM_STATE, CLAIM_NATURE, CLAIM_REPORT_DATE, STAFF_ID, CLAIMANT_ID, ACCIDENT_ID, REPORT_ID)
VALUES (3, 'X', 'Civil', DATE '2020-11-07', 0, 3, 3, 3);

INSERT INTO CLAIM (CLAIM_ID, CLAIM_STATE, CLAIM_NATURE, STAFF_ID, CLAIMANT_ID, ACCIDENT_ID)
VALUES (4, 'C', 'Medical', 1, 4, 4);

INSERT INTO CLAIM (CLAIM_ID, CLAIM_STATE, CLAIM_NATURE, CLAIMANT_ID, ACCIDENT_ID)
VALUES (5, 'R', 'Civil', 5, 5);